,0
0,"MÃ¬nh hay chÆ¡i game, Ä‘áº·c biá»‡t lÃ  máº¥y game Ä‘Ã²i há»i cáº¥u hÃ¬nh nhÆ° LiÃªn quÃ¢n, LiÃªn minh tá»‘c chiáº¿n, Identity V.... MÃ¬nh cÅ©ng chá»‰ má»›i mua mÃ¡y tá»« hÃ´m 5/2, nhÆ°ng lÃ  mÃ¡y Ä‘á»•i tráº£ cá»§a thegioididong chá»© khÃ´ng pháº£i hÃ ng Ä‘áº­p há»™p. Tháº­m chÃ­ hÃ´m mÃ¬nh mua mÃ¡y cÃ²n ko cÃ²n há»™p, ko cÃ²n que láº¥y sim, chá»‰ cÃ²n cá»§ sáº¡c vÃ  dÃ¢y sáº¡c chÃ­nh hÃ£ng. NhÆ°ng mÃ¡y váº«n dÃ¹ng dc ráº¥t tá»‘t, ráº¥t lÃ¢u. NhÃ¢n viÃªn cá»§a thegioididong bÃªn Cáº§u Giáº¥y cÃ²n há»— trá»£ mÃ¬nh ráº¥t tá»‘t, hÃ´m Ä‘Ã³ mÃ¬nh mua mÃ¡y cÃ²n gáº·p chÃºt sá»± cá»‘ trong viá»‡c thanh toÃ¡n. MÃ¬nh sáº½ giá»›i thiá»‡u cho ng thÃ¢n vÃ  báº¡n bÃ¨"
1,"Mua Ä‘Æ°á»£c 1 tuáº§n,MÃ¡y táº¡m á»•n. Báº¯t sÃ³ng kÃ©m. Loa trong quÃ¡ nhá». Gá»i Ä‘iá»‡n nhiá»u lÃºc ko nghe gÃ¬. Má»Ÿ loa ngoÃ i hÆ¡i rÃ¨. Äá»™ sÃ¡ng kÃ©m, tÄƒng Ä‘á»™ sÃ¡ng hÆ¡n ná»­a cÃ¢y mÃ  váº«n tháº¥y sang kÃ©m hÆ¡n con mÃ¡y cÅ© cá»§a mÃ¬nh Ä‘á»ƒ 1/3. NÃ³i chung Ä‘áº¯t hÆ¡n cháº¥t lÆ°á»£ng."
2,"Má»›i mua 20 ngÃ y mÃ  Pin 5000 mÃ  hao nhanh quÃ¡ khÃ´ng hiá»ƒu sao chá»‰ má»Ÿ nháº¡c trÃªn youtube Ä‘á»™ sÃ¡ng khÃ´ng quÃ¡ 30% mÃ  30p 17% pin, chiáº¿c realme 3 mua cÃ¡ch Ä‘Ã¢y hÆ¡n 1 nÄƒm má»Ÿ nháº¡c youtube Ä‘á»™ sÃ¡ng dÆ°á»›i 30% mÃ  cÅ©ng chá»‰ hao táº§m 15 trá»Ÿ xuá»‘ng"
3,"NÃ³i chung thÃ¬ cÅ©ng ok. Äiá»ƒm trá»« 1 vÃ i Ä‘iá»ƒm nhá» nhÆ°ng ko Ä‘Ã¡ng ká»ƒ, mÃ¡y ok vá»›i giÃ¡ tiá»n. CÃ²n ai muá»‘n mÃ¡y sá»‹n mÃ¡y ngon thÃ¬ lÃ m Æ¡n bá» ra vÃ i chá»¥c triá»‡u mÃ  mua, khÃ³ tÃ¡nh quÃ¡. Táº§m tiá»n nÃ y mÃ¡y nÃ y há»£p lÃ­ ko cÃ³ gÃ¬ Ä‘á»ƒ bÃ n cáº£i, mua mÃ¡y lÃºc trÆ°a Ä‘áº¿n giá» tháº¥y bÃ¬nh thÆ°á»ng mÃ . Vá» lÃ¢u dÃ i thÃ¬ chÆ°a biáº¿t. NhÃ¢n viÃªn ÄMX phá»¥c vá»¥ ok. 4 sao cháº¥t lÆ°á»£ng."
4,"MÃ¡y dÃ¹ng ok nhÆ°ng chÆ¡i LiÃªn QuÃ¢n hoáº·c Tá»‘c chiáº¿n khi chat hay bá»‹ loáº¡n phÃ­m, nÃºt di chuyá»ƒn hay bá»‹ khá»±ng láº¡i."
5,MÃ¡y mÆ°á»£t pin trÃ¢u k cÃ³ j Ä‘á»ƒ chÃª . Mua Ä‘c táº§m 1 thÃ¡ng k tháº¥y j thay Ä‘á»•i váº«n ngon nhÆ° lÃºc ms mua
6,"Mua chÆ°a Ä‘c 1 thÃ¡ng. Tai nghe cáº¯m vÃ o lÃ  bá»‹ lá»—i. Gá»¡ tai nghe ra rá»“i mÃ  váº«n hiá»ƒn thá»‹ lÃ  Ä‘ang sÃ i tai nghe, khÃ´ng dÃ¹ng Ä‘c loa hoÃ i, gáº¯n tai nghe dÃ´ láº¡i thÃ¬ sÃ i nhÆ° lÃºc k gáº¯n. Má»—i láº§n váº­y lÃ  pháº£i khá»Ÿi Ä‘á»™ng láº¡i mÃ¡y. Pin thÃ¬ áº£o kinh khá»§ng. Báº­t 4G Ä‘á»ƒ khÃ´ng trong tÃºi, 2 tiáº¿ng sá»¥t 30%"
7,"K biáº¿t máº¥y bÃ¡c dÃ¹ng mi9s nÃ y cÃ³ bá»‹ váº«n Ä‘á» lag delay nÃºt nguá»“n cáº£m á»©ng k nhá»‰ dÃ¹ng Ä‘Æ°á»£c ná»­a nÄƒm tháº¥y khÃ¡ á»©c cháº¿,"
8,MÃ¡y mua Ä‘c 4 thÃ¡ng mÃ¬nh chÆ°a Ä‘Ã¡nh rÆ¡i bao giá» nhÆ°ng Ä‘iá»‡n thoáº¡i bá»‹ cong . MÃ¬nh Ä‘ang sá»£ lÃ  pin phá»“ng . Ko biáº¿t cÃ³ Ä‘Æ°á»£c háº£o hÃ nh khÃ´ng
9,Táº¥t cáº£ ok riÃªng vÃ o game LiÃªn quÃ¢n Game k há»— trá»£ má»Ÿ khÃ³a khoáº£nh kháº¯c quay mÃ n hÃ¬nh...???
10,"Má»›i mua táº§m 3 tuáº§n nhÆ°ng tháº¥y lá»—i vá» loa ráº¥t lá»›n. DÃ¹ng tÃ¡c vá»¥ trÃªn mÃ¡y cÃ³ váº» hÆ¡i Ä‘Æ¡ dÃ¹ chip lÃ  720. BÃ n phÃ­m nháº¯n thÃ¬ lÃ¢u lÃ¢u láº¡i cháº­m, Ä‘Ã£ cáº­p nháº­p lÃªn MI 12 nhÆ°ng lá»—i váº«n lá»—i. Láº§n mua hÃ ng nÃ y chÃ¡n tháº­t. K biáº¿t cÃ³ Ä‘Æ°á»£c Ä‘á»•i mÃ¡y má»›i hay Ä‘em ra báº£o hÃ nh rá»“i Ä‘Ã¢u láº¡i vÃ o Ä‘áº¥y"
11,"Mua dc 6 thÃ¡ng sÃ i ok. Má»›i mua vá» ae pháº£i update cho mÃ¡y lÃªn phiÃªn báº£n má»›i nháº¥t nha. ChÆ¡i game ok káº¿t ná»‘i tá»‘t. Ai báº£o iphone chÆ¡i game loading nhanh thÃ¬ nÃªn xem láº¡i, Ä‘Ã£ test vá»›i iphone xr game liÃªn quÃ¢n cÃ¹ng máº¡ng cÃ¹ng 1 chá»— 9s loading 100 bÃªn kia 10%ğŸ¤£ ae nÃ o mua chÆ¡i game thÃ¬ cá»© phang 9s thÃ´i. Ae nÃ o kinh táº¿ eo háº¹p lau lÃ¢u má»›i mua mÃ¡y tÃ­nh mua sÃ i chÃ¡n bÃ¡n láº¡i thÃ¬ iphone mÃ  phang nha. ChÆ¡i android bÃ¡n láº¡i lá»— Ä‘áº¥y"
12,"Sáº£n pháº©m ráº¥t oki sau 1 tuáº§n dÃ¹ng. MÃ n hÃ¬nh to dÃ i, chip khá»e nhÆ° con trÃ¢u. Ráº¥t ok"
13,"Mua Ä‘t Ä‘Æ°á»£c 5 thÃ¡ng... mÃ¬nh thÃ­ch mÃ n to nÃªn 6.67' khÃ¡ thoáº£i mÃ¡i khi xem phim, loa thÃ¬ siÃªu lá»›n mÃ  láº¡i thÃªm cháº¿ Ä‘á»™ lÃ m sáº¡ch loa, pin thÃ¬ quÃ¡ trÃ¢u, Snapdragon thÃ¬ cÃ¢n má»i thá»ƒ loáº¡i game vá»›i Ä‘á»“ há»a trung bÃ¬nh rá»“i, nháº­n diá»‡n khuÃ´n máº·t vÃ  vÃ¢n tay khÃ¡ nhanh, giÃ¡ cáº£ láº¡i há»£p lÃ½, 3 nÄƒm vá» trÆ°á»›c mÃ  con nÃ y ra máº¯t cháº¯c chÃ¡y hÃ ng khá»§ng khiáº¿p láº¯m ğŸ˜…ğŸ˜… â¤ï¸ YÃªu Xiaomi"
14,"HÃ ng ngon, mong manh, dá»… mÃ³p, vá»¡, cÃ³ nhiá»u lá»—i láº·t váº·t NhÆ°ng lÃ  Ä‘t tá»‘t trong táº§m giÃ¡ nÃ y"
15,"Cho mÃ¬nh há»i lÃ  mÃ¬nh cÃ³ mua má»™t con note 9s sÃ i Ä‘c 5 thÃ¡ng rá»“i ,sau khi cáº­p nháº­t báº£n má»›i nháº¥t thÃ¬ giá» xuáº¥t hiá»‡n hiá»‡n tÆ°á»£ng pin tuá»™t xuá»‘ng 5% rá»“i tá»± nhiÃªn nháº£y lÃªn láº¡i 50 máº¥y pháº§n trÄƒm cho há»i lÃ  do pháº§n cá»©ng hay bÃªn pháº§n má»m cÃ³ xung Ä‘á»™t gÃ¬ áº¡ , mÃ¬nh fix láº¡i á»Ÿ nhÃ  Ä‘Æ°á»£c hong áº¡ hay mÃ¬nh cáº§n ra tgdd Ä‘á»ƒ kiá»ƒm tra láº¡i khÃ´ng áº¡"
16,"Mua cÅ©ng lÃ¢u rá»“i.khoáº£ng 7 thÃ¡ng Mua vá» 1 tuáº§n mÃ¡y bá»‹ lá»—i micr thoáº¡i vÃ  giáº¯c cáº¯m tai nghe 3.5 Mang Ä‘i Ä‘á»•i Ä‘c cÃ¡c anh Ä‘áº¹p zai Ä‘mx tt mÃ£n Ä‘á»©c tÃ¢n láº¡c hÃ²a bÃ¬nh tÆ° váº¥n vá» micr thoáº¡i lÃ  do viettel Ä‘ang nÃ¢ng cáº¥p lÃªn 5g nÃªn sÃ³ng cháº­p chá»n trong khi Ä‘Ã³ mÃ¬nh cÃ³ dÃ¹ng 1 mÃ¡y ná»¯a nhÆ°ng khÃ´ng áº£nh hÆ°á»Ÿng gÃ¬ CÃ²n tai nghe thÃ¬ báº£o do tai nghe bá»‹ hÆ°. Tai nghe bá»‹ hÆ° táº¡i sao cáº¯m tai nghe nghe dc 1 tai, rÃºt day ra khá»i Ä‘t mÃ  mÃ¡y váº«n cÃ²n nháº­n tai nghe.tháº¿ mÃ  báº£o tai nghe hÆ° dc DÃ¹ng Ä‘áº¿n bÃ¢y giá» loa thoáº¡i khÃ´ng thá»ƒ nghe dc mÃ  pháº£i báº­t loa ngoÃ i.láº§n Ä‘áº§u tiÃªn mua hÃ ng táº§u Tháº¥t vá»ng"
17,Gá»i Ä‘iá»‡n thÃ¬ loa trong k nghe tháº¥y gÃ¬. ToÃ n pháº£i báº­t loa ngoÃ i liá»‡u trÆ°á»ng há»£p nÃ y e cÃ³ Ä‘Æ°á»£c Ä‘á»•i mÃ¡y má»›i khÃ´ng. Má»›i mua mÃ¡y Ä‘Æ°á»£c 2 tuáº§n
18,MÃ¬nh dÃ¹ng Ä‘c 10 thÃ¡ng thÃ¬ cá»© Ä‘á»ƒ táº§m 1 2 tiáº¿ng lÃ  mÃ¡y tá»± nhiÃªn máº¥t sim 1. K nháº­n sim 1. Giá» muá»‘n báº£o hÃ nh thÃ¬ thá»i gian báº£o hÃ nh lÃ¢u k áº¡
19,"DÃ¹ng Ä‘Æ°á»£c thá»i gian nÃ³i chung táº¡m Ä‘Æ°á»£c, tuy nhiÃªn báº¯t máº¡ng dá»¯ liá»‡u di Ä‘á»™ng kÃ©m lÃºc 4G lÃºc H+ rá»“i H tá»‡ hÆ¡n nháº£y vá» E ná»¯a"
20,Sau 1 thá»i gian sá»­ dá»¥ng cÃ³ nháº­n xÃ©t so vá»›i giÃ¡ tiá»n lÃ  há»£p lÃ½ . MÃ¡y pin khoáº» . Cáº¥u hÃ¬nh cao . Sáº¡c nhanh . MÃ n hÃ¬nh Ä‘c full hd+ Ä‘iá»ƒm Ä‘Ã¡ng giÃ¡ so vs cÃ¡c hÃ£ng cÃ¹ng giÃ¡ tiá»n nÃ³i chung lÃ  ok ğŸ‘
21,Cho e há»i Ä‘iá»‡n thoáº¡i nÃ y e sáº¡c tá»« 9% lÃªn 90% pin mÃ  máº¥t hÆ¡n 1 tiáº¿ng Ä‘á»“ng há»“ Ä‘á»ƒ sáº¡c Ä‘c nhiÃªu Ä‘Ã³ thÃ¬ pin nhÆ° váº­y cÃ³ bÃ¬nh thÆ°á»ng ko áº¡
22,"MÃ¡y pin trÃ¢u sáº¡c ráº¥t nhanh, Ä‘a nhiá»‡m tÆ°Æ¡ng Ä‘á»‘i tá»‘t. ChÆ¡i game ráº¥t mÆ°á»£t."
23,NhÃ¢n ViÃªn TGDÄ VÄ©nh Kim ChÃ¢u ThÃ nh Tiá»n Giang ai cÅ©ng thÃ¢n thiá»‡n nhiá»‡t tÃ¬nh dá»… thÆ°Æ¡ng há»— trá»£ vÃ  gÃ³p Ã½ ráº¥t hÃ i lÃ²ng vá»«a mua xong mÃ¡y quÃ¡ Ä‘áº¹p Ä‘áº¹p nháº¥t lÃ  mÃ u tráº¯ng nÃ³i chung ráº¥t hÃ i lÃ²ng TGDÄ... táº·ng 5* nhÃ© â¤ï¸â¤ï¸
24,"ChÆ¡i game mÆ°á»£t ,pin trÃ¢u, cam Ä‘áº¹p, máº¥y anh chá»‹ nhÃ¢n viÃªn tÆ° váº¥n nhiá»‡t tinh nÃªn mua"
25,CÃ³ khÃ¡ nhiá»u chá»©c nÄƒng ná»•i báº­t.camera thÃ¬ quÃ¡ tuyá»‡t ğŸ˜˜ğŸ˜˜ nhÃ¢n viÃªn tÆ° váº¥n nhiá»‡t tÃ¬nh
26,MÃ¡y xÃ i bá»‹ lá»—i.ko khÃ¡c phá»¥c duoc.má»¡ mÃ¡y ráº¥t lÃ¢u vÃ¢n tay rÃ¡t cháº­m.thÃ¡t vá»ng.ko biet xÃ¡i lau cÃ³ khac phá»¥c loi dc k
27,LÃ¢u lÃ¢u bá»‹ lá»—i mÃ n hÃ¬nh cáº£m á»©ng bá»‹ Ä‘Æ¡ phÃ­m Ä‘iá»u hÆ°á»›ng MÃ u mÃ n hÃ¬nh ra ngoÃ i trá»i lÃ¢u lÃ¢u tá»± ngáº£ sang mÃ u vÃ ng. á»¨ng dá»¥ng danh báº¡ chÆ°a thá»±c sá»± há»¯u Ã­ch. Ko thá»ƒ tÃ¬m kiáº¿m danh báº¡ theo sá»‘ Ä‘uÃ´i Ä‘iá»‡n thoáº¡i. Äiá»ƒm cá»™ng lÃ  pin sáº¡c nhanh. Hiá»‡u nÄƒng tá»‘t trong táº§m giÃ¡.
28,"chÆ¡i liÃªn quÃ¢n khÃ¡ chÃ¡n, combat fps toÃ n 3 40 trong khi mÃ¬nh Ä‘Ã£ tá»«ng sá»­ dá»¥ng 710 chÆ¡i game ráº¥t ngon, cháº³ng hiá»ƒu 720g mÃ  láº¡i tá»‡ nhÆ° váº­y, lá»—i váº·t thÃ¬ siÃªu nhiá»u luÃ´n, thá»‰nh thoáº£ng láº¡i Ä‘Æ¡ treo, chÃ¡nnnnnn"
29,"MÃ¡y tá»‘t pin trÃ¢u, cáº£m á»•n, chiáº¿n game ngon lÃ nh. Chá»‹ Thá»§y Chi nhÃ¡nh Báº¯c Quang HÃ ng Giang tÆ° váº¥n nhiá»‡t tÃ¬nh, vui tÃ­nh."
30,"Má»›i mua sá»­ dá»¥ng tháº¥y á»•n,mÆ°á»£t pin trÃ¢u.Sá»­ dá»¥ng lÃ¢u dÃ i má»›i nháº­n xÃ©t thÃªm dc ......"
31,"á»”n so vá»›i má»©c giÃ¡. ...............,.............................................."
32,mÃ¡y sÃ i khÃ¡ á»•n pin trÃ¢u chiáº¿n game mÆ°á»£t thiáº¿t káº¿ sang Ä‘áº¹p sÃ i Ä‘c 3 tuáº§n cáº£m tháº¥y ráº¥t hÃ i lÃ²ng
33,Mua chÆ°a tá»›i 2 tuáº§n mÃ  xem video facebook nÃ³ má» váº­y rá»“i cÃ³ Ä‘á»•i cÃ¡i má»›i Ä‘Æ°á»£c khÃ´ng hay Ä‘iá»‡n thoáº¡i khÃ¡c chá»© vÃ£i quÃ¡
34,Äiá»‡n thoáº¡i má»›i mau cÃ³ cáº§n sáº¡c 8 tiáº¿ng khÃ´ng váº­y nÃªn sáº¡c 3 láº§n Ä‘Ã¢u 8 tiáº¿ng khÃ´ng ..
35,"MÃ¡y mÆ°á»£t, pin trÃ¢u, camera tá»‘t.Tuy nhiÃªn mÃ¡y thá»‰nh thoáº£ng treo, mÃ n hÃ¬nh ko Ä‘áº¹p, sÃ³ng Ä‘iá»‡n thoáº¡i ko á»•n, mic bÃ©, loa nghe ko hay.NÃ³i chung giÃ¡ ráº» nÃªn tháº¿ lÃ  tá»‘t r =)))"
36,TÃ´i thá» ko bao giá» xÃ i hÃ ng tÃ u 1 láº§n nÃ o ná»¯a. Loáº¡n cáº£m á»©ng. Danh báº¡ Ä‘á» xuáº¥t thÃ¬ gÃµ cáº£ tÃªn cá»¥ thá»ƒ cÅ©ng nháº£y 1 loáº¡t tÃªn cÃ³ tá»« Ä‘Ã³.
37,MÃ¡y má»›i mua 2thÃ¡ng lá»—i mÃ ng hÃ¬nh loáº¡n cáº£m á»©ng gá»Ÿi báº£o hÃ nh xong 2tuáº§n sao láº¡i bá»‹ ..xong báº£o hÃ nh há»¡ mÃ¡y lumlaaaa..mÃ¬nh mua Ä‘á»“ TGDD nhiá»u láº§n nhÆ°ng láº§n nÃ y mÃ¬nh ráº¥t khÃ´ng hÃ i lÃ²ng
38,"Sau 2 tuáº§n sá»­ dá»¥ng thÃ¬ cÃ³ nháº­n xÃ©t nhÆ° sau.. Tá»‘t: pin trÃ¢u, sÃ i mÆ°á»£t, mÃ¡y khÃ´ng nÃ³ng, camera á»•n, loa to, NhÆ°á»£c: hay bá»‹ lá»—i sim, nghe gá»i cÃ³ lÃºc k nghe gÃ¬ cáº£ (mÃ¬nh nÃ³i há» nghe, há» nÃ³i k nghe) ráº¥t khÃ³ chá»‹u, mong Ä‘c há»• trá»£ kháº¯c phá»¥c"
39,"xÃ i khÃ¡ ngon, pin trÃ¢u, báº¯t wifi tá»‘t, loa to. Náº¿u chá»‰ lÆ°á»›t face xem youtube hÆ¡n 1 ngÃ y má»›i háº¿t, náº¿u ai chÆ¡i game nhiá»u cháº¯c cÅ©ng Ä‘c gáº§n 1 ngÃ y. Ä‘Ã¢y lÃ  Ä‘Ã¡nh giÃ¡ sau 1 tuáº§n sá»­ dá»¥ng"
40,Sáº¡c 100% pin rÃºt ra chÆ°a Ä‘áº§y 5p bay 10%pin. Máº¥y ngÃ y Ä‘áº§u ko cÃ³. Má»›i mua chÆ°a Ä‘áº§y 5 ngÃ y
41,MÃ¡y em má»›i mua lÃºc Ä‘áº§u sá»­ dá»¥ng chÆ¡i game thÃ¬ mÆ°á»£t nhÆ°ng dc hÆ¡n chá»¥c ngÃ y thÃ¬ báº¯t Ä‘áº§u giáº­t lag lÃ  sao z shop
42,NgoÃ i sÃ³ng bá»‹ chá»£p chá»n lÃºc nghe gá»i ra cháº³ng cÃ²n chÃª cÃ¡i gÃ¬.mong cáº­p nháº­t kháº¯c phá»¥c dc.
43,Äiá»‡n má»›i mua vá» cÃ²n dÆ°á»›i 20% Ä‘em sáº¡c mÃ  sáº¡c 3 tiáº¿ng rá»“i mÃ  chá»‰ cÃ³ Ä‘c 60% váº­y mÃ  Ä‘iá»‡n thoáº¡i cÃ³ Ä‘á»ƒ sáº¡c nhanh..
44,Má»i thá»© bÃ¬nh thÆ°á»ng mÃ  cÃ³ pin 5020mah mÃ  mau háº¿t hÆ¡n cáº£ redmi8 loa thÃ¬ má»Ÿ lá»›n bá»‹ rÃ¨
45,"Láº§n Ä‘áº§u tiÃªn mÃ¬nh dÃ¹ng Xiaomi thÃ¬ mÃ¬nh khÃ¡ hÃ i lÃ²ng vá»›i mÃ¡y vá» nhiá»u máº·t. Pin trÃ¢u mÃ  sáº¡c nhanh cá»±c, camera á»•n cáº£ trÆ°á»›c láº«n sau, MIUI 12 cháº¡y á»•n nma mÃ¬nh thÃ­ch báº£n 11 hÆ¡n, hiá»‡u nÄƒng tá»‘t vÃ  128GB dÆ° dáº£ cÃ i app vÃ  game ^^ Äiá»ƒm trá»« lÃ  chá»¥p Ä‘Ãªm khÃ´ng Ä‘Æ°á»£c tá»‘t (tham kháº£o cÃ¡ch cÃ i google cam thÃ¬ á»•n hÆ¡n ráº¥t nhiá»u) vÃ  mic thu Ã¢m nghe cá»© nhÆ° bá»‹ bÃ­ váº­y. Tuy má»›i mua khÃ´ng biáº¿t Ä‘Æ°á»£c bao lÃ¢u nhÆ°ng mÃ  ""Cá»§a bá»n táº¡i ngÆ°á»i"" ^^"
46,dt e bi loi.... ngÆ°á»i ta dt zalo luc Ä‘Æ°á»£c lÃºc khÃ´ng...dt zalo tá»›i ko bao gi háº¿t ... má»Ÿ dt len thi thay cuoc gá»i nhá»¡.... Ä‘Ã£ thá»­ nhá»‰u cach van ko het....
47,Muá»‘n pin Ä‘Æ°á»£c lÃ¢u thÃ¬ pháº£i báº­t cháº¿ Ä‘á»™ tiáº¿t kiá»‡m pin chá»© ko thÃ¬ nhanh háº¿t láº¯m vÃ  hay bá»‹ lá»—i loa ngoÃ i nháº¥t lÃ  lÃºc cáº¯m tai nghe vÃ o nghe ko báº±ng oppo Samsung dc
48,Ät hÆ¡i to camera nÃ³ hÆ¡i lÃ²i nhÆ°ng gáº¯n á»‘p lÆ°ng lÃ  oke game thÃ¬ ko biáº¿t ae chÆ¡i gÃ¬ tui chÆ¡i LQ báº­t full hd fps cao Ä‘á»“ hoáº¡ cao 1 tráº­n nhanh thÃ¬ 2% 1 tráº­n thÆ°á»ng thÃ¬ 3% cÃ²n lÃ¢u xÃ­u thÃ¬ 4 tá»›i 5% chá»¥p áº£nh camera trÆ°á»›c Ä‘áº¹p khi cÃ³ Ã¡nh sÃ¡ng cÃ²n camera sau chÆ°a chá»¥p táº¥m nÃ o nÃ³i chung cÅ©ng Ä‘Ã¡ng Ä‘á»“ng tiá»n ğŸ˜‚
49,"MÃ¡y má»›i mua chÆ¡i game 6 phÃºt máº¥t 1% pin tÃ´i tháº¥y khÃ¡ lÃ  mau háº¿t pin, Ä‘t khÃ´ng sá»­ dá»¥ng 30 phÃºt máº¥t 3% pin"
