,comments,ratings
0,Cáº£m nháº­n khi sÃ i mÃ¡y s21 gáº§n Ä‘c 1 thÃ¡ng nhÆ° tháº¿ nÃ y. Khi sÃ i mÃ¡y ko nÃªn cÃ i cÃ¡c á»©ng dá»¥ng nhÆ° momo hay shopee vÃ¬ cÃ³ mÃ¡y cÃ¡i chÆ°Æ¡ng trÃ¬nh láº¯c xu Ã¡. Láº¯c Ä‘i. Láº¯c xong má»‘t camera cá»§a báº¡n phÃ¡t ra tiáº¿ng láº¯c ráº¯c lá»›n rá»“i há»i sao xui. ÄÃ£ qua bÃªn TGDD nhá» báº¡n ká»¹ thuáº­t test mÃ¡y mÃ¡y khÃ¡c vÃ  nÃ³ phÃ¡t ra tiáº¿ng láº¯c ráº¯c nhÆ°ng nhá» hÆ¡n mÃ¡y mÃ¬nh vÃ¬ Ä‘á»ƒ sÃ¡t tai má»›i nghe Ä‘c. CÃ²n mÃ¡y thÃ¬ báº¡n nvkt test mÃ  mÃ¬nh ngá»“i váº«n nghe vÃ  cuá»‘i cÃ¹ng mÃ¬nh gá»­i báº£o hÃ nh(gá»­i lÃºc 7h45 phÃºt sÃ¡ng ngÃ y 22.02 vÃ  sang ngÃ y 23 thÃ¬ cÃ³ báº¡n ká»¹ thuáº­t bÃªn SAMSUNG thÃ´ng bÃ¡o lÃ  tÃ¬nh tráº¡ng mÃ¡y bÃ¬nh thÆ°á»ng mÃ  mÃ¬nh Ä‘Ã£ cá»‘ giáº£i thÃ­ch rá»“i nhÆ°ng bÃªn Ä‘Ã³ váº«n nÃ³i váº­y lÃ  do thiáº¿t káº¿ cá»§a mÃ¡y. á»¦a thiáº¿t káº¿ gÃ¬ nghe láº¡ v. Náº¿u lÃºc Ä‘áº§u báº£o á»« thiáº¿t káº¿ mÃ¡y kÃªu thá»­ coi mÃ¬nh cÃ³ mua khÃ´ng giá» thÃ¬ nÃ³i v. MÃ¬nh nÃ³i khÃ´ng cháº¥p nháº­n nhÆ°ng bÃªn Ä‘Ã³ nÃ³i dÃ¹ a khÃ´ng cháº¥p nháº­n thÃ¬ bÃªn tui váº«n gá»­i mÃ¡y vá» tráº£ láº¡i anh. Nghe giá»‘ng Ã©p ng quÃ¡). ThÃ´i thÃ¬ giá» chá»‰ Ä‘á»£i bÃªn TGDD qua bÃ¡o láº¥y hÃ ng láº¡i rá»“i coi bÃªn cÃ´ng ty xá»­ lÃ½ ntn? Náº¿u nÃ³i bth thÃ¬ thÃ´i mÃ¬nh thua. DÃ¹ gÃ¬ chá»‰ lÃ  1 khÃ¡ch hÃ ng trong hÃ ng chá»¥c triá»‡u ng tiÃªu dÃ¹ng thÃ´i. Nhá» lá»›n tá»›i giá» chá»‰ mua Ä‘á»“ Ä‘iá»‡n tá»­ á»Ÿ Ä‘Ã¢y thÃ´i mÃ  h gáº·p v thÃ¬ cháº¯c cÃ³ thá»ƒ suy nghÄ© láº¡i. Äiá»‡n thoáº¡i cáº£ chá»¥c triá»‡u chá»© ko pháº£i vÃ i triá»‡u. ,1
1,"Thiáº¿t káº¿ Ä‘áº¹p, nhá» gá»n, nháº¹, chá»¥p hÃ¬nh tá»‘t, chÆ¡i game liÃªn quÃ¢n, pubg tá»‘t, mÃ n hÃ¬nh sáº¯c nÃ©t, sÃ¡ng, Ã¢m thanh tá»‘t...Chá»‰ khÃ´ng vá»«a lÃ²ng khoáº£n pin khÃ¡ háº»o vÃ  sáº¡c nhanh chá»‰ 25W, tÄƒng sáº¡c nhanh lÃªn chÃºt lÃ  Ä‘áº¹p, 4 sao cho cháº¥t lÆ°á»£ng!",4
2,LuÃ´n sá»­ dá»¥ng dÃ²ng S tá»« s2 Ä‘áº¿n bjo lÃ  s21. ChÆ°a bao giá» tháº¥t vá»ng. Pin dÃ¹ng cáº£ ngÃ y thoáº£i mÃ¡i. Hiá»‡u nÄƒng quÃ¡ á»•n........,5
3,mÃ¬nh mua khi nÃ³ má»›i vá» luÃ´n xÃ i tháº¥y pin ráº¥t ok lÃ¢u cáº£ ngÃ y xÃ i k nhiá»u 6h vá» tá»›i nhÃ  váº«n cÃ²n khoáº£ng 70% tá»‘i nghá»‹ch chÃ¡n 10h Ä‘i ngá»§ Ã­t nháº¥t váº«n cÃ²n 40% . chá»¥p áº£nh ráº¥t ok,5
4,"Äá»‹nh cho 3 sao nhÆ°ng tháº¥y 3 sao thÃ¬ kháº¯t khe quÃ¡ nÃªn cho lÃªn 4.
MÃ¬nh mua mÃ¡y nÃ y Ä‘Æ°á»£c khoáº£ng ná»­a thÃ¡ng theo chÆ°Æ¡ng trÃ¬nh thu cÅ© Ä‘á»•i má»›i tá»« A7(2018) lÃªn nÃªn tháº¥y giÃ¡ khÃ¡ há»i (khoáº£ng 13 tr, tÃ­nh luÃ´n cáº£ tiá»n mÃ¡y láº«n adapter vÃ  tai nghe mua thÃªm). 
Do mÃ¡y cÅ© lÃ  dÃ²ng A nÃªn khi Ä‘á»•i lÃªn dÃ²ng S tháº¥y mÃ n hÃ¬nh Ä‘áº¹p hÆ¡n háº³n, mÃ¡y mÆ°á»£t, cam cÅ©ng Ä‘áº¹p (cáº£ trÆ°á»›c vÃ  sau). Chá»©c nÄƒng chá»¥p má»™t cháº¡m tráº£i nghiá»‡m vÃ i láº§n Ä‘áº§u thÃ¬ cÅ©ng tháº¥y thÃº vá»‹.
Äiá»ƒm trá»« cá»§a mÃ¡y nÃ y lÃ  pin khÃ´ng nhÆ° ká»³ vá»ng, chá»‰ Ä‘Æ°á»£c cÃ¡i sáº¡c nhanh chá»© tá»¥t pin nhanh hÆ¡n mÃ¡y cÅ© cá»§a mÃ¬nh lÃºc má»›i mua vá». VÃ i ngÃ y Ä‘áº§u sá»­ dá»¥ng thÃ¬ mÃ¡y ráº¥t mau nÃ³ng (sau khi sá»­ dá»¥ng táº§m khoáº£ng 10 - 15 phÃºt) dÃ¹ chá»‰ dÃ¹ng cÃ¡c á»©ng dá»¥ng cÆ¡ báº£n nhÆ° zalo, facebook (mÃ¬nh khÃ´ng chÆ¡i game). Sau Ä‘Ã³ mÃ¬nh pháº£i táº¯t háº¿t thÃ´ng bÃ¡o cá»§a toÃ n bá»™ á»©ng dá»¥ng, má»—i láº§n má»Ÿ mÃ¡y lÃªn pháº£i dá»n dáº¹p bá»™ nhá»› 1 láº§n thÃ¬ má»›i bá»›t nÃ³ng (nhÆ°ng khÃ´ng háº¿t háº³n).
CÃ³ vÃ i pháº§n má»m máº·c Ä‘á»‹nh dÆ° thá»«a nhÆ°ng muá»‘n xoÃ¡ cho nháº¹ mÃ¡y láº¡i khÃ´ng xoÃ¡ Ä‘Æ°á»£c. VÃ­ dá»¥ nhÆ° samsung free, chá»§ yáº¿u chá»‰ cáº­p nháº­t tin tá»©c.",4
5,"Má»›i mua dÃ¹ng 2 ngÃ y thÃ¬ tháº¥y pin yáº¿u hÆ¡n con xiaomi cÅ©ng 4000mha vÃ  ráº¥t nÃ³ng mÃ¡y, k hiá»ƒu táº¡i sao dÃ¹ng fb zalo thÃ´i mÃ  mÃ¡y nÃ³ng ghÃª váº­y",2
6,"Sáº£n pháº©m dÃ¹ng tá»‘t.
Camera Ä‘áº¹p, pin OK.
Thiáº¿t káº¿ nhá» gá»n, cáº§m ráº¥t vá»«a tay.
Mua trade-in tá»« S7 lÃªn S21.
TGDÄ phá»¥c vá»¥ tuyá»‡t vá»i.
",5
7,"Ok Ä‘áº¹p gá»n, chá»¥p hÃ¬nh miá»…n bÃ n, game mÆ°á»£t. Mua Ä‘Æ°á»£c 28 ngÃ y rÃ´i. ÄÆ°á»£c báº£o hÃ nh rÆ¡i vá»¡ 1 nÄƒm vÃ  smarthing hay láº¯m.",5
8,Cáº£m nháº­n khi sÃ i mÃ¡y s21 gáº§n Ä‘c 1 thÃ¡ng nhÆ° tháº¿ nÃ y. Khi sÃ i mÃ¡y ko nÃªn cÃ i cÃ¡c á»©ng dá»¥ng nhÆ° momo hay shopee vÃ¬ cÃ³ mÃ¡y cÃ¡i chÆ°Æ¡ng trÃ¬nh láº¯c xu Ã¡. Láº¯c Ä‘i. Láº¯c xong má»‘t camera cá»§a báº¡n phÃ¡t ra tiáº¿ng láº¯c ráº¯c lá»›n rá»“i há»i sao xui. ÄÃ£ qua bÃªn TGDD nhá» báº¡n ká»¹ thuáº­t test mÃ¡y mÃ¡y khÃ¡c vÃ  nÃ³ phÃ¡t ra tiáº¿ng láº¯c ráº¯c nhÆ°ng nhá» hÆ¡n mÃ¡y mÃ¬nh vÃ¬ Ä‘á»ƒ sÃ¡t tai má»›i nghe Ä‘c. CÃ²n mÃ¡y thÃ¬ báº¡n nvkt test mÃ  mÃ¬nh ngá»“i váº«n nghe vÃ  cuá»‘i cÃ¹ng mÃ¬nh gá»­i báº£o hÃ nh(gá»­i lÃºc 7h45 phÃºt sÃ¡ng ngÃ y 22.02 vÃ  sang ngÃ y 23 thÃ¬ cÃ³ báº¡n ká»¹ thuáº­t bÃªn SAMSUNG thÃ´ng bÃ¡o lÃ  tÃ¬nh tráº¡ng mÃ¡y bÃ¬nh thÆ°á»ng mÃ  mÃ¬nh Ä‘Ã£ cá»‘ giáº£i thÃ­ch rá»“i nhÆ°ng bÃªn Ä‘Ã³ váº«n nÃ³i váº­y lÃ  do thiáº¿t káº¿ cá»§a mÃ¡y. á»¦a thiáº¿t káº¿ gÃ¬ nghe láº¡ v. Náº¿u lÃºc Ä‘áº§u báº£o á»« thiáº¿t káº¿ mÃ¡y kÃªu thá»­ coi mÃ¬nh cÃ³ mua khÃ´ng giá» thÃ¬ nÃ³i v. MÃ¬nh nÃ³i khÃ´ng cháº¥p nháº­n nhÆ°ng bÃªn Ä‘Ã³ nÃ³i dÃ¹ a khÃ´ng cháº¥p nháº­n thÃ¬ bÃªn tui váº«n gá»­i mÃ¡y vá» tráº£ láº¡i anh. Nghe giá»‘ng Ã©p ng quÃ¡). ThÃ´i thÃ¬ giá» chá»‰ Ä‘á»£i bÃªn TGDD qua bÃ¡o láº¥y hÃ ng láº¡i rá»“i coi bÃªn cÃ´ng ty xá»­ lÃ½ ntn? Náº¿u nÃ³i bth thÃ¬ thÃ´i mÃ¬nh thua. DÃ¹ gÃ¬ chá»‰ lÃ  1 khÃ¡ch hÃ ng trong hÃ ng chá»¥c triá»‡u ng tiÃªu dÃ¹ng thÃ´i. Nhá» lá»›n tá»›i giá» chá»‰ mua Ä‘á»“ Ä‘iá»‡n tá»­ á»Ÿ Ä‘Ã¢y thÃ´i mÃ  h gáº·p v thÃ¬ cháº¯c cÃ³ thá»ƒ suy nghÄ© láº¡i. Äiá»‡n thoáº¡i cáº£ chá»¥c triá»‡u chá»© ko pháº£i vÃ i triá»‡u. ,1
9,"MUA HÃ€NG á» TGDD VÃ€ Sá»¬A HÃ€NG á» TGDD.
*Äáº§u tiÃªn nÃ³i vá» mua hÃ ng, tÃ´i mua vá» nhÃ¢n viÃªn nÃ³i lÃ  mÃ¡y má»›i nhÆ°ng mÃ¡y khÃ´ng cÃ³ seal, vÃ  mua rá»“i thÃ¬ lÃ´i há»™p tá»« chá»— khÃ¡c ra, cho tÃ´i há»i lÃ  táº¡i sao mÃ¡y má»™t nÆ¡i mÃ  há»™p má»™t náº»o??? mÃ  mang tá»« kho ra cÃ²n báº£o lÃ  má»›i? Rá»“i mang nÃªn hÃ£ng kiá»ƒm tra xem cÃ³ Ä‘Ãºng khÃ´ng? TÃ´i mua mÃ¡y chá»© ráº£nh Ä‘Ã¢u mÃ  Ä‘i kiá»ƒm tra, khÃ´ng nguyÃªn há»™p nguyÃªn seal mÃ  cá»© khÄƒng khÄƒng mÃ¡y má»›i???
*Vá»€ Váº¤N Äá»€ Sá»¬A CHá»®A THÃŒ Ráº¤T CÃU.
tÃ´i mua hÃ ng á»Ÿ TGDD vÃ  má»›i bá»‹ rÆ¡i nÆ°á»›c nÃªn mang Ä‘i sá»­a, nhÃ¢n viÃªn bÃ¡o giÃ¡ lÃ  thay mÃ n hÃ¬nh 1.040.000â‚« VÃ€ KHÃ”NG Há»– TRá»¢ THAY MÃ€N GÃŒ Cáº¢ CHO DÃ™ CÃ“ MUA Táº I TGDD. á»”n thÃ´i! NHÆ¯NG KHI THAY XONG THÃŒ Máº¤T Háº¾T Sáº CH Dá»® LIá»†U TRONG MÃY, NHÃ‚N VIÃŠN THÃŒ RA LÆ¯Æ N Láº¸O LÃ€ THÆ¯á»œNG THÃŒ THAY MÃ€N HÃŒNH Sáº¼ Máº¤T Dá»® LIá»†U, ÄÃ‰O HIá»‚U SAO NGHÄ¨ RA ÄÆ¯á»¢C CÃI LÃ DO NGá»š NGáº¨N NHÆ¯ Váº¬Y??? CÃš ÄÃ‰O CHá»ŠU ÄÆ¯á»¢C. THAY MÃ€N HÃŒNH LIÃŠN QUAN ÄÃ‰O GÃŒ Tá»šI Dá»® LIá»†U MÃY???

KHÃCH LÃ€M Lá»–I THÃŒ VáºªN Láº¤Y TIá»€N KHÃ”NG THIáº¾U 1 XU, TGDD LÃ€M Lá»–I THÃŒ TÃŒM CÃCH LÆ¯Æ N Láº¸O Tá»ª CHá»I. CÃI MÃY Cá»¦A TÃ”I Ráºº NHÆ¯NG QUAN TRá»ŒNG LÃ€ Dá»® LIá»†U BÃŠN TRONG Cá»¦A TÃ”I, Máº¤T Dá»® LIá»†U THÃŒ THAY MÃ€N LÃ€M ÄÃ‰O GÃŒ Ná»®A, BIáº¾T Váº¬Y RA QUÃN Cá» Sá»¬A CHO XONG. CAY VKL",1
10,Pin hÆ¡i yáº¿u hÆ¡n kÃ¬ vá»ng.  DÃ¹ng chá»‰ ná»­a ngÃ y lÃ  sáº¡c dÃ¹ ko chÆ¡i games. MÃ¡y dÃ¹ng mÆ°á»£t. Cam Ä‘áº¹p.,4
11,ÄÃ£ mua 1 cÃ¡i S21 5G mÃ u tÃ­m vÃ  hoÃ n toÃ n thá»a mÃ£n. KhÃ´ng cÃ³ Ä‘iá»ƒm nÃ o Ä‘á»ƒ chÃª cáº£. Mong SS sáº½ duy trÃ¬ thiáº¿t káº¿ cá»§a S21 5G cho cÃ¡c phiÃªn báº£n sau.,5
12,"Sáº£n pháº©m ráº¥t tá»‘t, kÃ­ch thÆ°á»›c mÃ n hÃ¬nh 6.2 inch vá»«a pháº£i phÃ¹ há»£p vá»›i nhu cáº§u sá»­ dá»¥ng hÃ ng ngÃ y cá»§a mÃ¬nh. Exynos má»›i mÆ°á»£t mÃ  á»•n Ä‘á»‹nh, camera Ä‘áº¹p, thá»i lÆ°á»£ng pin Ä‘á»§ dÃ¹ng thoáº£i mÃ¡i trong ngÃ y (mÃ¬nh khÃ´ng chÆ¡i game). ",5
13,"Sáº£n pháº©m tá»‘t
MÃ¬nh cÃ³ máº¥y chá»¥c group zalo, Ä‘iá»‡n thoáº¡i, nháº¯n tin, 4g cáº£ ngÃ y, 9h tá»‘i cÃ²n 10% pin.
Cháº¿ Ä‘á»™ Ä‘á»•i mÃ¡y cá»§a samsung ráº¥t háº¥p dáº«n",5
14,"Ät mua ngon chiáº¿n game mÆ°á»£t háº¿t chá»• chÃª.chá»¥p áº£nh Ä‘áº¹p dung lÆ°á»£ng khá»§ng.mÃ n hÃ¬nh lá»›n
",5
15,MÃ¡y tá»‘t má»›i mua hÃ´m táº¿t giá» má»›i láº¡i TGDD Ä‘á»•i láº¡i mÃ¡y má»›i Ä‘Ã³ bá»‹ lÃ´i camera.vao cháº¿ Ä‘á»™ chá»¥p Ä‘Ãªm lÃ  xanh chanh nhÆ° váº­y..4 sao cho thÃ¡i Ä‘á»™ phá»¥c vá»¥ cá»§a nv Ä‘mx.,4
16,"Mua á»Ÿ ÄMX 1174 Ä‘Æ°á»ng lÃ¡ng Ä‘c 3 hÃ´m. M Ä‘Ã£ nghá»‹ch háº¿t táº§m, pin Ä‘á»§ sá»©c dÃ¹ng cáº£ ngÃ y vs 4G, sáº¡c nhanh bÃ¡ Ä‘áº¡o Ä‘Ãºng cháº¥t cá»§a Oppo. Báº­t táº¥t cáº£ á»©ng dá»¥ng cháº¡y váº«n mÆ°á»£t. Äáº§u tiÃªn nghe qc ko loa kÃ©p tháº¥y hÆ¡i náº£n nhÆ°ng xÃ i má»›i tháº¥y nÃ³ cháº¥t lÆ°á»£ng. Nghe to rÃµ, Ã¢m thanh cháº¯c ná»‹ch. Äáº·c biá»‡t cÃ¡i tai nghe cá»§a Oppo, xá»‹n sÃ² tháº­t luÃ´n. NÃ³i chung má»i thá»© Ä‘á»u tuyá»‡t do vs tiá»n bá» ra.
Cáº£m Æ¡n em nv VÃ¢n Anh chu Ä‘Ã¡o, nhiá»‡t tÃ¬nh tiáº¿p anh.
Sáº½ giá»›i thiá»‡u cho ng thÃ¢n vÃ  báº¡n bÃ¨.",5
17,"Mua á»Ÿ ÄMX 1174 Ä‘Æ°á»ng lÃ¡ng Ä‘c 3 hÃ´m. M Ä‘Ã£ nghá»‹ch háº¿t táº§m, pin Ä‘á»§ sá»©c dÃ¹ng cáº£ ngÃ y vs 4G, sáº¡c nhanh bÃ¡ Ä‘áº¡o Ä‘Ãºng cháº¥t cá»§a Oppo. Báº­t táº¥t cáº£ á»©ng dá»¥ng cháº¡y váº«n mÆ°á»£t. Äáº§u tiÃªn nghe qc ko loa kÃ©p tháº¥y hÆ¡i náº£n nhÆ°ng xÃ i má»›i tháº¥y nÃ³ cháº¥t lÆ°á»£ng. Nghe to rÃµ, Ã¢m thanh cháº¯c ná»‹ch. Äáº·c biá»‡t cÃ¡i tai nghe cá»§a Oppo, xá»‹n sÃ² tháº­t luÃ´n. NÃ³i chung má»i thá»© Ä‘á»u tuyá»‡t do vs tiá»n bá» ra.
Cáº£m Æ¡n em nv VÃ¢n Anh chu Ä‘Ã¡o, nhiá»‡t tÃ¬nh tiáº¿p anh.
Sáº½ giá»›i thiá»‡u cho ng thÃ¢n vÃ  báº¡n bÃ¨.",5
18,"Mua mÃ¡y nÃ y cho chá»“ng, mÃ¡y má»ng nháº¹, nÃ³i chung Ä‘Ã£ tráº£i nghiá»‡m 3 ngÃ y vÃ  tháº¥y ráº¥t OK, quÃ  táº·ng kÃ¨m cÃ³ loa nghe nháº¡c ráº¥t hay vÃ  háº¹n giá» thuáº­n tiá»‡n, mÃ¬nh cÅ©ng Ä‘áº·t lÃ m Ä‘Ã¨n ngá»§ á»Ÿ trong phÃ²ng luÃ´n
CÃ¡m Æ¡n cÃ¡c báº¡n nhÃ¢n viÃªn Tháº¿ giá»›i di dá»™ng 57 BÃ  Triá»‡u, Huáº¿ nhÃ©!",5
19,Sao Ä‘iá»‡n thoáº¡i mÃ¬nh trÃªn camera khÃ´ng cÃ³ tÃ¡ch mÃ u chá»§ thá»ƒ xanh Ä‘á» váº­y nÃªn Ä‘em dien thoáº¡i kiá»ƒm tra láº¡i khÃ´ng a ,4
20,"MÃ¡y ráº¥t tá»‘t ko uá»•ng thá»i gian chá» Ä‘á»£i.camera Ä‘áº¹p.sáº£n pháº©m ráº¥t Ä‘Ã¡ng mua......,....",5
21,MÃ¬nh vá»«a má»›i mua mÃ¡y siÃªu Ä‘áº¹p chá»¥p hÃ¬nh báº£o sÃ¡ng vÃ  nÃ©t nhÃ¢n viÃªn giao mÃ¡y nhiá»‡t tÃ¬nh,5
22,"SÃ i gáº§n 1 thÃ¡ng khÃ¡ ok, nhÆ°ng sÃ i messenger hÆ¡i khÃ³ vá»›i Ä‘t nhanh háº¿t pin máº·t dÃ¹ k sÃ i nhá»¯ng lÃºc Ä‘ang lÃ m",4
23,"ÄÃºng Ä‘c 1 tuáº§n 
Trc thÃ¬ a93  thÃ¬ ra kÃªu android má»›i hay bin 
Bh reno5 cung tháº¿ .  Cháº£ biáº¿t sao ",1
24,"ÄÃºng Ä‘c 1 tuáº§n 
Trc thÃ¬ a93  thÃ¬ ra kÃªu android má»›i hay bin 
Bh reno5 cung tháº¿ .  Cháº£ biáº¿t sao ",1
25,"NÃ³i chung sau khi xÃ i Ä‘c ná»¯a thÃ¡ng thÃ¬ tháº¥y oke thiáº¿t káº¿ Ä‘áº¹p hiá»‡n Ä‘áº¡i sang trá»ng , mÃ  cÃ³ Ä‘iá»ƒm trá»« mÃ  tÃ´i khÃ´ng thÃ­ch Ä‘Ã³ lÃ  má»—i láº§n táº£i game vá» thÃ¬ cháº³ng cÃ³ cÃ¡i files nÃ o trong bá»™ lÆ°u trá»¯ cáº£ , nÃªn xem láº¡i phiÃªn báº£n Android 11 vÃ  cÃ³ thá»ƒ kháº¯c phá»¥c tÃ¬nh tráº¡ng nÃ y sá»›m hÆ¡n , tÃ´i chá»‰ gÃ³p Ã½ nhiÃªu Ä‘Ã³ cÃ²n láº¡i thÃ¬ OK khÃ´ng cÃ³ chá»— chÃª... Mong shop xem láº¡i vÃ  kháº¯c phá»¥c lá»—i nÃ y sá»›m hÆ¡n áº¡ , xin cáº£m Æ¡n..!",5
26,"    Sáº£n pháº©m tá»‘t , chá»¥p hÃ¬nh Ä‘áº¹p. mÃ¡y dÃ¹ng mÆ°á»£t mÃ  ráº¥t Ãªm nhÃ¢n viÃªn tÆ° váº¥n nhiá»‡t tinh.mÃ¡y nÃ y dÃ¹ng ráº¥t thÃ­ch

 Sáº½ giá»›i thiá»‡u sáº£n pháº©m nÃ y cho báº¡n bÃ¨, ngÆ°á»i thÃ¢n",5
27,Sau 1 thÃ¡ng mÃ¬nh xÃ i tráº£i nghiá»‡m. MÃ¡y ráº¥t mÆ°á»£t ko lag giáº­t mÃ n hÃ¬nh Ä‘áº¹p táº§n sá»‘ 90hz quÃ¡ mÆ°á»£t. Camera siÃªu Ä‘áº¹p siÃªu Ä‘á»‰nh. mÃ¬nh chÆ¡i lq max cáº¥u hÃ¬nh pháº£i nÃ³i nÃ³ ko lÃ m mÃ¬nh tháº¥t vá»ng. Äáº·c biá»‡t lÃ  mÃ¡y ko nÃ³ng ko hao pin nhiá»u tuyá»‡t vá»i tháº­t.youtube xem sÆ°á»›ng con máº¯t . CÃ¡c báº¡n Ä‘á»ƒ qua Ä‘Ãªm hÃ£y táº¯t háº¿t á»©ng dá»¥ng cháº¡y ngáº§m mÃ¡y auto tiáº¿t kiá»‡m pin ban Ä‘Ãªm. Giáº­t 3% pin lÃ  cÃ¹ng. Tuyá»‡t vá»i Ä‘Ã¡ng Ä‘á»“ng tiá»n bÃ¡t gáº¡o. ThÆ¡m ngon bá»• ráº»,5
28,DÃ¹ng Ä‘Æ°á»£c máº¥y hÃ´m rá»“i tháº¥y mÃ¡y ok k sao cáº£ sáº£n pháº©m nÃ y mÃ¬nh thÃ­ch nháº¥t sáº¡c nhanh.pin cÅ©ng trÃ¢u dÃ¹ng vÃ´ tÆ°,5
29,"Má»›i mua xÃ i Ä‘Æ°á»£c táº§m 1 tuáº§n nÃªn ngoi lÃªn Ä‘Ã¡nh giÃ¡. MÃ¡y nhanh, nháº¡y, lÆ°á»›t ráº¥t Ä‘Ã£. Cam thÆ°á»ng no makeup váº«n cho ra lÃ² nhá»¯ng bá»©c áº£nh siÃªu Ä‘á»‰nh, tá»± Ä‘á»™ng makeup nháº¹ nhÃ ng. NÃ³i chung lÃ  má»i thá»© Ä‘á»u tá»‘t, xem video full hd+ sáº¯c nÃ©t, hi vá»ng vá» lÃ  vá» lÃ¢u dÃ i váº«n tá»‘t nhÆ° hiá»‡n táº¡i ğŸ‘ğŸ‘ğŸ‘",5
30,MÃ¬nh cáº£m tháº¥y Ä‘iá»‡n thoáº¡i nÃ y cÅ©ng ráº¥t tá»‘t. Wifi Ä‘á»ƒ qua Ä‘Ãªm mÃ  k bá»‹ tá»¥t pin nhÃ¬u tá»« 10h tá»›i 5h sÃ¡ng tá»¥t 2%pin .thÃ­ch nháº¥t cÃ´ng nghá»‡ sáº¡c nhanh vs cáº£ chá»¥p hÃ¬nh Ä‘áº¹p ná»¯a. .má»i ngÆ°á»i nÃªn mua,5
31,"Sau 2 tuáº§n sá»­ dá»¥ng thÃ¬ mÃ¬nh cáº£m tháº¥y á»•n chÆ°a thá»±c sá»± tá»‘t nhÆ° mÃ¬nh Ä‘á»£i vÃ¬ má»™t sá»‘ lÃ­ do nhÆ° sau:
- Khi sá»­ dá»¥ng má»™t sá»‘ á»©ng dá»¥ng máº¡ng xÃ£ há»™i thÃ¬ hay tá»± Ä‘á»™ng thoÃ¡t ra mÃ n hÃ¬nh chÃ­nh cáº£m tháº¥y ráº¥t phiá»n. Ngay cáº£ khi mÃ¬nh Ä‘ang gÃµ nhá»¯ng dÃ²ng nÃ y cÅ©ng Ä‘Ã£ ráº¥t cháº­t váº­t bá»‹ out ra ráº¥t nhiá»u láº§n luÃ´n Ã½. 
- Máº·c dÃ¹ sáº¡c pin nhanh nhÆ°ng láº¡i ráº¥t hay tá»¥t pin vÃ  nÃ³ng mÃ¡y. 
Vá»›i nhá»¯ng khuyáº¿t Ä‘iá»ƒm nhÆ° tháº¿ nÃ y, mÃ¬nh ráº¥t mong bÃªn bá»™ pháº­n CSKH sáº½ liÃªn há»‡ Ä‘á»ƒ tÃ¬m cÃ¡ch kháº¯c phá»¥c nhÃ©!
Vá» viá»‡c cÃ³ giá»›i thiá»‡u cho báº¡n bÃ¨ hay khÃ´ng thÃ¬ mÃ¬nh nghÄ© cáº§n pháº£i xem láº¡i cÃ¡c lá»—i Ä‘Ã³ cÃ³ Ä‘Æ°á»£c kháº¯c phá»¥c tá»‘t hÆ¡n hay khÃ´ng.
ThÃ¢n Ã¡i vÃ  mong nháº­n Ä‘Æ°á»£c pháº£n há»“i!",3
32,MÃ¡y tá»‘t má»›i mua hÃ´m táº¿t giá» má»›i láº¡i TGDD Ä‘á»•i láº¡i mÃ¡y má»›i Ä‘Ã³ bá»‹ lÃ´i camera.vao cháº¿ Ä‘á»™ chá»¥p Ä‘Ãªm lÃ  xanh chanh nhÆ° váº­y..4 sao cho thÃ¡i Ä‘á»™ phá»¥c vá»¥ cá»§a nv Ä‘mx.,4
33,"Ai mua Oppo reno5 mÃ¬nh SÃ i ráº¥t tá»‘t, Ä‘Ãªm Ä‘áº¿n sÃ¡ng Ä‘á»ƒ wifi , Bluetooth nhÆ°ng chá»‰ tá»¥t 2%pin thÃ´i tá»« 22h Ä‘áº¿n 5h sÃ¡ng. NÃªn chá»n dÃ²ng nÃ y tá»‘t, mÃ¬nh chÆ¡i game khÃ´ng hao pin nhiá»u nhÆ° nhá»¯ng dÃ²ng khÃ¡c",5
34,PhÃ­m Ã¢m lÆ°á»£ng thinh thoáº£ng bá»‹ liá»‡t . Mic lÃºc Ä‘Æ°á»£c lÃºc ko .camera lÃºc má»›i má»Ÿ lÃªn thÃ¬ giáº­t . BÃªn mÃ¬nh cÃ³ há»— trá»£ cho mÃ¬nh Ä‘Æ°á»£c ko áº¡ . Mong pháº£n há»“i,3
35,MÃ¡y má»›i mÃ  dÃ¹ng tá»¥t pin nhah quÃ¡ trá»i.ko pit vÃª sau nhÆ° nÃ o.bÃ¹ láº¡i Ä‘Æ°á»£c cÃ¡i xáº¡c nhah,1
36,"Sáº£n pháº©m nhiá»u lá»—i quÃ¡, khi thÃ¬ liá»‡t nÃºt Ã¢m lÆ°á»£ng, khi thÃ¬ liá»‡t phÃ­m Ä‘iá»u hÆ°á»›ng, Ä‘á»•i tráº£ 2 láº§n r váº«n váº­y, láº§n Ä‘áº§u tháº¥t vá»ng vá» oppo nhÆ° v",1
37,Ät Oppo reno5 táº§m 8triá»‡u 6 má»›i mua Ä‘c 1 thÃ¡ng Ä‘Ã¡nh giÃ¡ cÅ©a mÃ¬nh ráº¥t tá»‡ ai muá»‘n mua dÃ²ng mÃ¡y nÃ y suy nghÄ© láº¡i Ä‘i 11h Ä‘Ãªm Ä‘áº¿n 7h sÃ¡ng hÃ´m sau máº¥t 15%pin Ä‘Ã³ng há»“ á»©ng dá»¥ng k máº¡ng dd wifi,3
38,"Cháº¿ Ä‘á»™ Ä‘Ãªm chá»¥p vÃ o buá»•i tá»‘i khi chÆ°a báº­t cháº¿ Ä‘á»™ giÃ¡ Ä‘á»¡... ThÃ¬ chá»¥p ra hÃ¬nh áº£nh mÃ u xanh lÃ¡ háº¿t 8/10 bá»©c áº£nh .. trong khi ban ngÃ y chá»¥p thÃ¬ váº«n bÃ¬nh thÆ°á»ng cÃ¡c cháº¿ Ä‘á»™ chá»¥p khÃ¡c váº«n Ä‘iá»u bÃ¬nh thÆ°á»ng cáº£ 
ThÃ¬ nÃ³ bá»‹ lá»—i camera hay nhÆ° tháº¿ nÃ o áº¡ ",5
39,"DÃ¹ng 3-4 ngÃ y rá»“i ok láº¯m, tháº¥y má»i ngÆ°á»i báº£o pin tá»¥t nhanh qua Ä‘Ãªm mÃ¬nh tháº¥y tá»¥t cÃ³ 2-5% chá»© máº¥y, cÃ¡ nhÃ¢n tháº¥y á»•n trong táº§m giÃ¡",5
40,Má»i thá»© Ä‘iá»u tuyá»‡t vá»i chá»‰ má»—i pin Ä‘á»ƒ tá»« Ä‘em Ä‘áº¿n sÃ¡ng ko á»©ng dá»¥ng cháº¡y ngáº§m mÃ  tá»¥t khoáº£n 10-12% pin,3
41,Má»i thá»© Ä‘iá»u ráº¥t tÃ´t. Ngoáº¡i trá»« camera hoáº¡t Ä‘á»™ng ko á»•n Ä‘á»‹nh. Hay bá»‹ giáº­t láº¯c lÃºc má»›i má»Ÿ. VÃ  thá»‰nh thoáº£ng lÃºc Ä‘ang xá»­ dá»¥ng. Ko bÃ­t cÃ³ ai bá»‹ nhÆ° mÃ¬nh ko?,4
42,"Äiá»‡n thoáº¡i má»›i mua chÆ°a Ä‘Æ°á»£c ná»¯a thÃ¡ng ná»¯a mÃ  pin há»¥t dá»¯ quÃ¡
Tá»‘i ngá»§ mÃ¬nh táº¯t háº¿t cÃ¡c á»©ng dá»¥ng ngáº§m mÃ  váº«n há»¥t pin
SÃ¡ng thá»©c dáº­y tá»¥t háº¿t táº§m 10_12 pháº§n trÄƒm
pin",3
43,MÃ¡y Ä‘áº¹p bá»n so vá»›i giÃ¡ sd mÆ°á»£t chÆ¡i game OK vá»›i láº¡i pin cÅ©ng bá»n . ThÃ­ch sáº¡c nhanh cá»§a mÃ¡y sáº¡c chÆ°a Ä‘áº§y 1 tiáº¿ng Ä‘Ã£ Ä‘áº§y . LuÃ´n á»§ng há»™ Oppo ,5
44,"MÃ¬nh sd Ä‘Æ°á»£c 3 ngÃ y rá»“i pháº£i nÃ³i lÃ  quÃ¡ tá»‘t trong táº§m giÃ¡, mÃ¬nh khÃ´ng pháº£i game thá»§ nhÆ°ng chÆ¡i liÃªn quÃ¢n váº«n ráº¥t mÆ°á»£t, pin tá»‘t vÃ  sáº¡c siÃªu nhanh, mÃ n hÃ¬nh tÆ°Æ¡i, sÃ¡ng Ä‘áº¹p.  ",5
45,HÃ ng quÃ¡ oki ráº¥t Æ°ng Ä‘Ãºng lÃ  dÃ²ng oppo cÃ³ khÃ¡c :3 :3 lÃºc Ä‘áº§u mÃ¬nh cÅ©ng hÆ¡i lo sá»£ bá»‹ dÃ­nh vÃ i lá»—i váº·t nhÆ°ng khi mua vá» tes thÃ¬ k xáº£y ra váº¥n Ä‘á» :3 :3,5
46,"Sáº¡c pin nhanh, mÃ¡y mÆ°á»£t cÃ³ Ä‘iá»u vá» pháº§n camera ko Ä‘Æ°á»£c Ä‘Ã¡nh giÃ¡ tá»‘t nháº¥t. Kiá»ƒu náº¿u chá»¥p trong tá»‘i váº«n tháº¥y nhiá»…u háº¡t.",5
47,"Má»›i mua Ä‘Æ°á»£c hÆ¡n 10 ngÃ y. Camera tuyá»‡t vá»i, cáº£m á»©ng Ä‘iá»‡n thoáº¡i ráº¥t mÆ°á»£t, nhÆ°ng sao pin tá»¥t nhanh quÃ¡, Ä‘á»ƒ qua Ä‘Ãªm khÃ´ng  dÃ¹ng váº«n tá»¥t pin máº·c dÃ¹ mÃ¬nh Ä‘Ã£ táº¯t háº¿t cÃ¡c pháº§n má»m cháº¡y ná»n, nÃ³i chung khÃ´ng  sÃ i gÃ¬ cáº£. Xem phim mÆ°á»£t mÃ  nhÆ°ng pin tá»¥t nhanh quÃ¡. MÃ¬nh cÃ³ Ä‘áº¿n Ä‘iá»‡n mÃ¡y xanh gáº§n nhÃ  báº¡n á»Ÿ Ä‘Ã³ nÃ³i test mÃ¡y má»›i cÅ©ng váº­y. Táº¡i mÃ¡y mÃ¬nh hay dÃ²ng mÃ¡y nÃ y lÃ  váº­y? cÃ³ thá»ƒ kháº¯c phá»¥c khÃ´ng váº­y? Tháº­t khÃ´ng hÃ i lÃ²ng vá» pin quÃ¡. ",4
48,"MÃ¡y sá»­ dá»¥ng ráº¥t oke, thiáº¿t káº¿ Ä‘áº¹p, chá»¥p áº£nh thÃ¬ khá»i pháº£i chÃª gÃ¬ cáº£, sáº¡c pin thÃ¬ nhanh ná»­a, mÃ¬nh mua mÃ u Ä‘en khÃ¡ lÃ  thÃ­ch. ",5
49,"Sau tráº£i nghiá»‡m 1 lÃºc thÃ¬ mÃ¬nh Ä‘Ã£ xuá»‘ng tiá»n láº¥y em áº¥y. Cáº£m nháº­n ban Ä‘áº§u lÃ  quÃ¡ mÆ°á»£t, camera quÃ¡ nhiá»u tÃ­nh nÄƒng chá»¥p áº£nh vÃ  quay video nÃ©t cÄƒng chá»‘ng rung tá»‘t. Pin nhiá»u ngÆ°á»i nÃ³i yáº¿u chá»© mÃ¬nh tháº¥y dÆ° dÃ¹ng 1 ngÃ y Ä‘á»‘i vá»›i mÃ¬nh nhÆ°ng sáº¡c quÃ¡ nhanh táº§m hÆ¡n 30p lÃ  gáº§n Ä‘áº§y rá»“i. ",5
50,"Má»›i mua tá»‘i mÃ¹ng 6 táº¡i cá»­a hÃ ng gáº§n cÃ´ng viÃªn 23/9 sau 1 ngÃ y tráº£i nghiá»‡m theo mÃ¬nh Ä‘t nÃ y ráº¥t á»•n , khi chuáº©n bá»‹ mua Ä‘Ã£ Ä‘á»c nhá»¯ng Ä‘Ã¡nh giÃ¡ cá»§a cÃ¡c báº¡n vá» pin , nhÆ°ng sau khi tráº£i nghiá»‡m mÃ¬nh tháº¥y pin ráº¥t ok Ä‘á»ƒ qua Ä‘Ãªm cÅ©ng chá»‰ máº¥t 1% , mÃ  sáº¡c cá»±c nhanh . ",5
51,"TÃ´i má»›i mua Oppo reno5 Ä‘Æ°á»£c ná»­a thÃ¡ng mÃ  pin tá»¥t nhanh quÃ¡,tá»‘i khÃ´ng sá»± dá»¥ng gÃ¬ sÃ¡ng ngá»§ dáº­y máº¥t 10% pin",3
52,Chá»¥p hÃ¬nh ok game mÆ°á»£t pin sÃ i 1 ngÃ y sáº¡t cá»±c nhanh nhÆ°ng lÆ°u Ã½ m.n sÃ i Ä‘á»«ng bá» tÃºi quáº§n sp nÃ y quÃ¡ má»n bá» tÃºi sáº½ bá»‹ cÃ´ng ğŸ˜ŒğŸ˜Œ,3
53,QuÃ¡ tuyáº¿t vá»i xÃ i bao Ãªm trong phÃ¢n khuc giÃ¡ hiá»‡n nay chÆ¡i game láº«n chá»¥p hÃ¬nh Ä‘Ãªu mÆ°á»£t mÃ ,5
54,Sp xÃ i khÃ¡ tá»‘t ms mua thÃ¬ zÃ´ Messenger hay bá»‹ Ä‘Æ¡ r tá»± táº¯t nguá»“n nhÆ°ng khá»Ÿi Ä‘á»™ng láº¡i thÃ¬ ok r cáº£m Æ¡n nhÃ¢n viÃªn tgdd sÃ´ng cáº§u PhÃº YÃªn tÆ° váº¥n nhiá»‡t tÃ¬nh vÃ  chu Ä‘Ã¡o ,5
55,"Má»›i tráº£i nghiá»‡m 1 ngÃ y, Oppo chá»¥p hÃ¬nh thÃ¬ k chÃª rá»“i, nhÆ°ng pin tá»¥t nhanh nha, hÆ¡i tháº¥t vá»ng dÃ¹ Ä‘c káº¿t há»£p sáº¡c nhanh. CÃ²n láº¡i thÃ¬ chá» sd má»›i biáº¿t dc ",4
56,"MÃ¡y khÃ¡ mÆ°á»£t, hÃ¬nh áº£nh nÃ©t. NhÆ°ng pin tuá»™t nhanh quÃ¡ áº¡, dÃ¹ em khÃ´ng sá»­ dá»¥ng khÃ´ng má»Ÿ máº¡ng mÃ  pin cÅ©ng bá»‹ há»¥t khÃ¡ nhiá»u",4
57,"ÄÃ£ mua vÃ  ráº¥t Æ°ng mÃ¡y,lÃºc nÃ o cÅ©ng trung thÃ nh vá»›i oppo. KhÃ´ng cÃ³ gÃ¬ pháº£i phÃ n nÃ n vá» con mÃ¡y nÃ y,xá»©ng Ä‘Ã¡ng Ä‘á»“ng tiá»n bÃ¡t gáº¡o !",5
58,"Em Ä‘á»ƒ qua Ä‘Ãªm dÃ¹ khÃ´ng má»Ÿ máº¡ng váº«n hao pin quÃ¢, khÃ´ng biáº¿t cÃ³ cÃ¡ch nÃ o kháº¯c phá»¥c khÃ´ng, cÃ²n láº¡i má»i thá»© Ä‘á»u á»•n, mong nháº­n Ä‘Æ°á»£c sá»± há»• trá»£ áº¡",4
59,"Hiá»‡n táº¡i mÃ¡y em bá»‹ vá»¡ mÃ n hÃ¬nh, vÃ  cáº£m á»©ng khÃ´ng Ä‘Æ°á»£c, má»Ÿ mÃ¡y khÃ´ng lÃªn mÃ n hÃ¬nh, nhÆ°ng loa vÃ  chip váº«n hoáº¡t Ä‘á»™ng bÃ¬nh thÆ°á»ng v cÃ³ thá»ƒ dÃ¹ng gÃ³i báº£o hiá»ƒm rÆ¡i vá»¡ ko áº¡?",4
60,KhuyÃªn tháº­t anh em Ä‘Ã£ máº¥t tiá»n chá»¥c rá»“i thÃ¬ cá»‘ bá» ra thÃªm vÃ i cá»§ ná»¯a mua láº¥y con khÃ¡c mÃ  dÃ¹ng chá»© reno5 nÃ y pin tá»¥t k phanh luÃ´n .ai cÃ³ Ã½ Ä‘á»‹nh mua vá» chiáº¿n game thÃ¬ nghá»‰ Ä‘i ,5
61,MÃ¬nh má»›i mua tháº¥y dÃ¹ng tá»‘t pin á»•n hÃ¬nh áº£nh ráº¥t nÃ©t. ThÃ­ch nháº¥t lÃ  kháº£ nÄƒng sáº¡c nhanh cá»§a mÃ¡y quÃ¡ lÃ  nhanh luÃ´n. SÃ¡ng ngá»§ dáº­y cáº¯m cÃ³ 15' mÃ  Ä‘Ã£ Ä‘á»§ Ä‘i lÃ m cáº£ ngÃ y rá»“i. HÆ¡n 8 cá»§ 1 em mÃ¡y tháº¿ nÃ y lÃ  á»•n rá»“i.,5
62,"Mua Ä‘c ba ngÃ y á»Ÿ tháº¿ giá»›i Di Äá»™ng mÃ¡y mÃ¡y Ãªm mÆ°á»£t ok, pin mau tá»¥t ráº¥t mau háº¿t ,camera OK , nghe gá»i OK nhÃ¢n viÃªn tÆ° váº¥n nhiá»‡t tÃ¬nh vÃ  dá»… chá»‹u â™¥ï¸, thanks.â™¥ï¸",4
63,"Pin xÃ i háº¿t nhanh,Ä‘á»ƒ qua Ä‘Ãªm thÃ¬ bá»‹ máº¥t háº¿t 15% chÆ¡i lÃ¢u cÅ©ng bá»‹ nÃ³ng mÃ¡y
Máº·c dÃ¹ Ä‘Ã£ cáº­p nháº­t phiÃªn báº£n má»›i nhÆ°ng camera lÃºc hiá»‡n tÃ­nh nÄƒng má»›i lÃºc láº¡i khÃ´ng hiá»‡n
",3
64,Má»›i mua mÃ¡y tháº¥y xÃ i Ãªm vÃ  mÆ°á»£t xÃ i máº¥y Ä‘á»i Oppo rá»“i váº«n thÃ­ch . MÃ¡y xÃ i cá»±c ká»³ bá»n ,5
65,"MÃ¡y ráº¥t tá»‘t, chá»‰ cÃ³ Ä‘iá»u sau khi up lÃªn Android 11 thÃ¬ máº¥t cháº¿ Ä‘á»™ Ä‘iá»u hÆ°á»›ng vuá»‘t 3 cáº¡nh nÃªn xÃ i chÆ°a quen, cÃ²n láº¡i Ä‘á»u ok, náº¿u ai ko muá»‘n tá»¥t pin khi Ä‘á»ƒ qua Ä‘Ãªm thÃ¬ nÃªn báº­t cháº¿ Ä‘á»™ Ä‘á»‹nh giá» tá»± Ä‘á»™ng báº­t/táº¯t cá»§a mÃ¡y, Ä‘áº¿n sÃ¡ng váº«n ko tá»¥t % nÃ o.",5
66,"Xin chÃ o, mÃ¬nh vá»«a mua oppo reno 5, nhÆ°ng qua vÃ i láº§n sáº¡c thÃ¬ mÃ¬nh Ä‘á»ƒ Ã½ tháº¥y lÃ  khi Ä‘ang sáº¡c vÃ  ko sá»­ dá»¥ng Ä‘áº¿n, thÃ¢n mÃ¡y váº«n khÃ¡ nÃ³ng. NhÆ° váº­y cÃ³ pháº£i bÃ¬nh thÆ°á»ng mÃ¡y nÃ o dÃ²ng nÃ y cÅ©ng váº­y ko áº¡?",4
67,"MÃ¬nh ms mua Ä‘c 16 ngÃ y nhÆ°ng mÃ¬nh tháº¥y :
Cáº¥u hÃ¬nh ok : chÆ¡i game xem video k giáº­t lag dÃ¹ wifi hÆ¡i yáº¿u
Sp dÃ¹ng dá»… nÃ³ng mÃ¡y
Pin hao nhanh
",3
68,"MÃ¡y khÃ¡ Ä‘áº¹p, tá»« ip 8 plus Ä‘á»•i qua oppo vÃ¬ thÃ­ch androi dá»… sÃ i hÆ¡n, mÃ¡y sáº¡c nhanh, pin khÃ¡ trÃ¢u, tuy nhiÃªn game liÃªn quÃ¢n ko dc max seting!",4
69,"Camera tuyá»‡t vá»i, má»i thá»© Ä‘iá»u tuyá»‡t,hÆ¡i tiáº¿c lÃ  sao pin tá»¥t nhanh,wa Ä‘Ãªm k dÃ¹ng váº«n tá»¥t pin, táº¡i mÃ¡y mÃ¬nh hay dÃ²ng mÃ¡y nÃ y lÃ  váº­y? cÃ³ thá»ƒ kháº¯c phá»¥c k váº­y?",4
70,"Má»i thá»© Ä‘á»u tuyá»‡t, mÆ°á»£t, pin ok...má»—i tá»™i mÃ¬nh khÃ´ng thá»ƒ táº¯t Ä‘Æ°á»£c cÃ¡i nÃ y, Ä‘Ã³ lÃ  cÃ¡i trang tin tá»©c cá»§a Google trong mÃ n hÃ¬nh chÃ­nh, ai chá»‰ cÃ¡ch táº¯t vá»›i",5
71,MÃ¡y má»›i mua 2 ngÃ y dÃ¹ng tháº¥y OK. Tháº¥y pin Ä‘á»ƒ qua Ä‘Ãªm ko dÃ¹ng gÃ¬ tá»¥t 10% ko pit lá»—i gÃ¬ hay mÃ y nÃ³ tháº¿...,1
72,"Sáº£n pháº©m quÃ¡ OK, khÃ¡ hÃ i lÃ²ng vá»›i nhÃ¢n viÃªn á»Ÿ TGDD Long HÃ²a, láº§n Ä‘áº§u tiÃªn mua Ä‘t mÃ  3 nhÃ¢n viÃªn xinh Ä‘áº¹p ngá»“i tÆ° váº¥n :))",5
73,"NÃ³i chung ráº¥t OK, sáº¡c nhanh khá»i pháº£i bÃ n thiáº¿t káº¿ thÃ¬ quÃ¡ tuyá»‡t vá»i, cÃ³ Ä‘iá»u khi sáº¡c pin mÃ¡y bá»‹ quÃ¡ nÃ³ng hÃ´ng biáº¿t cÃ³ sao khÃ´ng váº­y.

 Sáº½ giá»›i thiá»‡u sáº£n pháº©m nÃ y cho báº¡n bÃ¨, ngÆ°á»i thÃ¢n",5
74,"Sáº£n pháº©m tá»‘t, camrae chá»¥p xuáº¥t sáº¯c, sáº¡c nhanh, pin cáº§m, mÃ²ng Ä‘áº¹p â¤
Tráº£i nghiá»‡m tháº¥y ráº¥t hÃ i lÃ²ng 
",5
75,"Má»›i mua vá» sÃ i, mÃ  sao tá»¥t pin nhanh quÃ¡? CÃ³ pháº£i mÃ¡y nÃ o cÅ©ng váº­y khÃ´ng hay bá»‹ lá»—i gÃ¬ áº¡?",4
76,cho mÃ¬nh há»i lÃ  mÃ¬nh cÃ³ mua má»™t mÃ¡y reno5 mÃ u báº¡c cÃ¡ch Ä‘Ã¢y 1 thÃ¡ng vÃ  mÃ¬nh muá»‘n Ä‘á»•i má»™t mÃ¡y mÃ u Ä‘en Ä‘Æ°á»£c khÃ´ng,5
